Meno,Priezvisko,Email,Heslo,uid
Jana,Farkaš,janafarkas@gmail.com,Heslo123!,xfarkasj
Martin,Polák,martinpolak@gmail.com,Heslo123!,xpolakm
Richard,Szabó,richardszabo@gmail.com,Heslo123!,xszabor
Lukáš,Urban,lukasurban@gmail.com,Heslo123!,xurbanl
Andrej,Urban,andrejurban@gmail.com,Heslo123!,xurbana
Martin,Kováč,martinkovac@gmail.com,Heslo123!,xkovacm
Eva,Šimko,evasimko@gmail.com,Heslo123!,xsimkoe
Martin,Urban,martinurban1@gmail.com,Heslo123!,xurbanm1
Michal,Varga,michalvarga@gmail.com,Heslo123!,xvargam
Eva,Molnár,evamolnar@gmail.com,Heslo123!,xmolnare
Michal,Král,michalkral@gmail.com,Heslo123!,xkralm
Peter,Nagy,peternagy@gmail.com,Heslo123!,xnagyp
Richard,Novák,richardnovak@gmail.com,Heslo123!,xnovakr
Juraj,Lukáč,jurajlukac@gmail.com,Heslo123!,xlukacj
Kristína,Marek,kristinamarek@gmail.com,Heslo123!,xmarekk
Eva,Szabó,evaszabo@gmail.com,Heslo123!,xszaboe
Richard,Urban,richardurban@gmail.com,Heslo123!,xurbanr
Veronika,Urban,veronikaurban@gmail.com,Heslo123!,xurbanv
Veronika,Tóth,veronikatoth@gmail.com,Heslo123!,xtothv
Juraj,Tóth,jurajtoth@gmail.com,Heslo123!,xtothj
Ján,Baláž,janbalaz@gmail.com,Heslo123!,xbalazj
Lukáš,Horváth,lukashorvath@gmail.com,Heslo123!,xhorvathl
Marek,Novák,mareknovak2@gmail.com,Heslo123!,xnovakm2
Zuzana,Horváth,zuzanahorvath@gmail.com,Heslo123!,xhorvathz
Barbora,Farkaš,barborafarkas@gmail.com,Heslo123!,xfarkasb
Katarína,Horváth,katarinahorvath@gmail.com,Heslo123!,xhorvathk
Veronika,Marek,veronikamarek@gmail.com,Heslo123!,xmarekv
Andrej,Lukáč,andrejlukac@gmail.com,Heslo123!,xlukaca
Lukáš,Baláž,lukasbalaz@gmail.com,Heslo123!,xbalazl
Andrej,Horváth,andrejhorvath@gmail.com,Heslo123!,xhorvatha
Barbora,Novák,barboranovak@gmail.com,Heslo123!,xnovakb
Lucia,Chovanec,luciachovanec@gmail.com,Heslo123!,xchovanecl
Mária,Kučera,mariakucera@gmail.com,Heslo123!,xkuceram
Mária,Horváth,mariahorvath@gmail.com,Heslo123!,xhorvathm
Richard,Farkaš,richardfarkas@gmail.com,Heslo123!,xfarkasr
Natália,Tóth,nataliatoth@gmail.com,Heslo123!,xtothn
Michal,Novák,michalnovak1@gmail.com,Heslo123!,xnovakm1
Tomáš,Lukáč,tomaslukac@gmail.com,Heslo123!,xlukact
Peter,Lukáč,peterlukac@gmail.com,Heslo123!,xlukacp
Tomáš,Blažek,tomasblazek@gmail.com,Heslo123!,xblazekt
Katarína,Molnár,katarinamolnar@gmail.com,Heslo123!,xmolnark
Veronika,Lukáč,veronikalukac@gmail.com,Heslo123!,xlukacv
Peter,Blažek,peterblazek@gmail.com,Heslo123!,xblazekp
Mária,Šimko,mariasimko@gmail.com,Heslo123!,xsimkom
Jana,Marek,janamarek@gmail.com,Heslo123!,xmarekj
Martin,Urban,martinurban2@gmail.com,Heslo123!,xurbanm2
Natália,Molnár,nataliamolnar@gmail.com,Heslo123!,xmolnarn
Natália,Marek,nataliamarek@gmail.com,Heslo123!,xmarekn
Andrej,Chovanec,andrejchovanec@gmail.com,Heslo123!,xchovaneca
Natália,Nagy,natalianagy@gmail.com,Heslo123!,xnagyn
